{
  "semester": {
    "precision": 0.8235294117647058,
    "recall": 1.0,
    "f1-score": 0.9032258064516129,
    "support": 14,
    "confused_with": {}
  },
  "am": {
    "precision": 1.0,
    "recall": 0.25,
    "f1-score": 0.4,
    "support": 4,
    "confused_with": {
      "semester": 3
    }
  },
  "micro avg": {
    "precision": 0.8333333333333334,
    "recall": 0.8333333333333334,
    "f1-score": 0.8333333333333334,
    "support": 18
  },
  "macro avg": {
    "precision": 0.9117647058823529,
    "recall": 0.625,
    "f1-score": 0.6516129032258065,
    "support": 18
  },
  "weighted avg": {
    "precision": 0.8627450980392157,
    "recall": 0.8333333333333334,
    "f1-score": 0.7913978494623656,
    "support": 18
  }
}